Top 15 Late Night Shows,People of Color,Unique Accent
Last Week Tonight with John Oliver,No,Yes
Conan,No,No
The Late Show with Stephen Colbert,No,No
The Daily Show with Trevor Noah,Yes,Yes
The Graham Norton Show,No,No
Jimmy Kimmel Live!,No,No
The Late Late Show with James Corden,No,No
Saturday Night Live,Yes,Yes
Late Night with Seth Meyers,No,No
The Tonight Show Starring Jimmy Fallon,No,No
Real Time with Bill Maher,No,No
Gutfeld!,No,No
Full Frontal with Samantha Bee,No,No
The Not Too Late Show with Elmo,No,Yes
Good Talk with Anthony Jeselnik,No,No
